ID Viaje,ID Usuario,Género,Año de Nacimiento,Fecha Inicio Viaje,Hora Inicio Viaje,Fecha Fin Viaje,Hora Fin Viaje,ID Origen,ID Destino
11246902,22,M,1982,01/06/19,10:50,01/06/19,10:55,3,49
11251393,22,M,1982,01/06/19,15:56,01/06/19,16:07,49,199
11257196,22,M,1982,02/06/19,10:31,02/06/19,10:37,3,49
11263480,22,M,1982,02/06/19,23:10,02/06/19,23:16,79,3
11275937,22,M,1982,03/06/19,18:24,03/06/19,18:31,79,259
11277414,22,M,1982,03/06/19,19:14,03/06/19,19:26,259,156
11280858,22,M,1982,03/06/19,23:33,03/06/19,23:40,79,3
11291062,22,M,1982,04/06/19,15:26,04/06/19,15:32,3,49
11318815,22,M,1982,05/06/19,23:40,05/06/19,23:54,3,180
11324306,22,M,1982,06/06/19,10:45,06/06/19,10:50,3,49
11325028,22,M,1982,06/06/19,11:33,06/06/19,11:50,49,49
11345409,22,M,1982,07/06/19,13:57,07/06/19,14:03,3,49
11362649,22,M,1982,08/06/19,15:55,08/06/19,16:01,3,49
11369392,22,M,1982,09/06/19,12:40,09/06/19,12:45,3,49
11374261,22,M,1982,09/06/19,22:16,09/06/19,22:20,79,71
11381264,22,M,1982,10/06/19,12:29,10/06/19,12:34,16,79
11417945,22,M,1982,12/06/19,11:13,12/06/19,11:19,3,49
11429866,22,M,1982,12/06/19,21:38,12/06/19,21:42,71,79
11438283,22,M,1982,13/06/19,12:59,13/06/19,13:05,3,49
11454568,22,M,1982,14/06/19,10:26,14/06/19,10:31,3,49
11462581,22,M,1982,14/06/19,18:21,14/06/19,18:30,3,199
11471591,22,M,1982,15/06/19,11:35,15/06/19,11:41,3,49
11490569,22,M,1982,17/06/19,10:07,17/06/19,10:14,15,199
11511427,22,M,1982,18/06/19,12:36,18/06/19,12:41,3,49
11527703,22,M,1982,19/06/19,10:50,19/06/19,10:54,71,49
11548278,22,M,1982,20/06/19,12:21,20/06/19,12:25,3,49
11549350,22,M,1982,20/06/19,13:32,20/06/19,13:43,79,33
11550028,22,M,1982,20/06/19,14:11,20/06/19,14:26,33,79
11574360,22,M,1982,21/06/19,18:50,21/06/19,18:59,79,3
11575110,22,M,1982,21/06/19,19:19,21/06/19,19:29,3,199
11581272,22,M,,22/06/19,10:23,22/06/19,10:28,71,49
11582876,22,M,,22/06/19,12:16,22/06/19,12:27,79,33
11583223,22,M,,22/06/19,12:40,22/06/19,12:51,33,79
11587036,22,M,,22/06/19,17:55,22/06/19,18:04,79,3
11587716,22,M,1982,22/06/19,19:17,22/06/19,19:25,3,204
11587809,22,M,1982,22/06/19,19:25,22/06/19,19:29,204,199
11593533,22,M,1982,23/06/19,13:35,23/06/19,13:39,71,49
11595594,22,M,1982,23/06/19,18:28,23/06/19,18:37,79,3
11603475,22,M,1982,24/06/19,11:25,24/06/19,11:35,3,254
11605302,22,M,1982,24/06/19,13:39,24/06/19,13:43,254,79
11605908,22,M,1982,24/06/19,14:14,24/06/19,14:22,79,33
11606140,22,M,1982,24/06/19,14:28,24/06/19,14:36,33,79
11615860,22,M,1982,24/06/19,23:32,24/06/19,23:39,79,3
11620677,22,M,1982,25/06/19,9:57,25/06/19,10:08,3,199
11682219,22,M,1982,28/06/19,18:36,28/06/19,18:46,3,199
11690369,22,M,1982,29/06/19,12:19,29/06/19,12:23,47,79
11694793,22,M,1982,29/06/19,18:18,29/06/19,18:29,4,199
11701271,22,M,1982,30/06/19,14:18,30/06/19,14:23,71,79
11702761,22,M,1982,30/06/19,17:25,30/06/19,17:25,79,79
11702763,22,M,1982,30/06/19,17:25,30/06/19,17:46,79,178
11258966,53,M,1980,02/06/19,12:56,02/06/19,13:00,276,158
11259642,53,M,1980,02/06/19,13:47,02/06/19,14:10,158,43
11261705,53,M,1980,02/06/19,18:29,02/06/19,18:43,43,266
11261902,53,M,1980,02/06/19,18:54,02/06/19,19:01,266,157
11267024,53,M,1980,03/06/19,9:51,03/06/19,10:18,276,157
11356436,53,M,1980,08/06/19,8:20,08/06/19,8:24,276,158
11361412,53,M,1980,08/06/19,14:17,08/06/19,14:38,273,43
11365586,53,M,1980,08/06/19,21:47,08/06/19,21:58,296,266
11369565,53,M,1980,09/06/19,12:51,09/06/19,12:55,276,158
11370150,53,M,1980,09/06/19,13:40,09/06/19,13:57,162,43
11372826,53,M,1980,09/06/19,19:33,09/06/19,19:50,43,276
11482136,53,M,1980,16/06/19,12:42,16/06/19,12:46,276,158
11482638,53,M,1980,16/06/19,13:21,16/06/19,13:40,162,43
11485174,53,M,1980,16/06/19,20:11,16/06/19,20:32,44,276
11593159,53,M,1980,23/06/19,13:00,23/06/19,13:06,276,273
11593825,53,M,1980,23/06/19,14:09,23/06/19,14:29,162,43
11596375,53,M,1980,23/06/19,20:15,23/06/19,20:30,296,276
11673971,53,M,1980,28/06/19,10:39,28/06/19,10:53,158,276
11674200,53,M,1980,28/06/19,10:53,28/06/19,11:06,276,296
11699676,53,M,1980,30/06/19,11:55,30/06/19,12:00,276,158
11700488,53,M,1980,30/06/19,13:07,30/06/19,13:28,162,43
11703119,53,M,1980,30/06/19,18:26,30/06/19,18:41,43,266
11480539,55,M,1985,16/06/19,10:19,16/06/19,10:47,33,35
11481796,55,M,1985,16/06/19,12:09,,12:21,54,56
11482320,55,M,1985,16/06/19,12:56,,13:27,264,33
11507279,55,M,1985,18/06/19,8:52,,8:57,61,260
11511964,55,M,1985,18/06/19,13:11,,13:16,58,61
11366748,62,M,1980,09/06/19,8:55,,8:55,79,79
11366750,62,M,1980,09/06/19,8:56,,9:11,79,188
11367975,62,M,1980,09/06/19,10:53,,11:05,188,79
11478813,62,M,1980,15/06/19,22:23,,22:30,79,53
11313572,65,M,1975,05/06/19,18:27,05/06/19,18:38,191,66
11318342,65,M,1975,05/06/19,22:19,05/06/19,22:34,68,191
11457292,65,M,1975,14/06/19,13:28,14/06/19,13:33,191,207
11252057,66,F,1994,01/06/19,16:52,01/06/19,17:10,44,210
11278186,66,F,1994,03/06/19,19:45,03/06/19,19:49,207,210
11298819,66,F,1994,04/06/19,21:11,04/06/19,21:18,216,210
11335728,66,F,1994,06/06/19,20:51,06/06/19,20:55,207,210
11361020,66,F,1994,08/06/19,13:58,08/06/19,14:06,216,242
11448403,66,F,1994,13/06/19,21:16,13/06/19,21:33,66,210
11664386,66,F,1994,27/06/19,18:22,27/06/19,18:27,201,210
11289785,69,M,1987,04/06/19,14:19,04/06/19,14:28,111,106
11291866,69,M,1987,04/06/19,16:10,04/06/19,16:17,106,111
11267554,76,M,1969,03/06/19,10:28,03/06/19,10:39,82,11
11287129,76,M,1969,04/06/19,11:43,04/06/19,12:00,82,216
11366583,76,M,1969,09/06/19,8:29,09/06/19,8:38,82,11
11490478,76,M,1969,17/06/19,10:04,17/06/19,10:20,82,63
11491013,76,M,1969,17/06/19,10:39,17/06/19,10:53,63,82
11509744,76,M,1969,18/06/19,10:55,18/06/19,11:10,82,83
11567372,76,M,1969,21/06/19,12:40,21/06/19,12:58,82,278
11476204,83,F,1989,15/06/19,17:12,15/06/19,17:21,79,75
11282120,85,M,1970,04/06/19,7:40,04/06/19,7:43,71,65
11301304,85,M,1970,05/06/19,7:32,05/06/19,7:36,71,65
11310511,85,M,1970,05/06/19,16:00,05/06/19,16:08,277,65
11319932,85,M,1970,06/06/19,7:35,06/06/19,7:38,71,65
11384844,85,M,1970,10/06/19,16:09,10/06/19,16:11,71,65
11403309,85,M,1970,11/06/19,15:47,11/06/19,15:55,277,65
11422402,85,M,1970,12/06/19,15:57,12/06/19,16:04,277,65
11496185,85,M,1970,17/06/19,15:50,17/06/19,15:53,71,65
11532781,85,M,1970,19/06/19,15:55,19/06/19,15:58,72,65
11542702,85,M,1970,20/06/19,7:47,20/06/19,7:50,71,65
11617117,85,M,1970,25/06/19,7:41,25/06/19,7:44,71,65
11652033,85,M,1970,27/06/19,7:33,27/06/19,7:36,71,65
11671521,85,M,1970,28/06/19,8:39,28/06/19,8:42,71,65
11679064,85,M,1970,28/06/19,15:51,28/06/19,15:58,196,66
11492649,89,M,1956,17/06/19,12:36,17/06/19,12:40,70,83
11492870,89,M,1956,17/06/19,12:52,17/06/19,12:58,83,15
11483239,101,M,1984,16/06/19,14:24,16/06/19,14:26,64,63
11688212,101,M,1984,29/06/19,9:10,29/06/19,9:10,64,64
11688225,101,M,1984,29/06/19,9:11,29/06/19,9:19,64,9
11654393,117,M,1986,27/06/19,9:02,27/06/19,9:07,96,106
11654840,117,M,1986,27/06/19,9:20,27/06/19,9:24,98,96
11252539,119,M,1982,01/06/19,17:36,01/06/19,17:41,232,236
11252598,119,M,1982,01/06/19,17:41,01/06/19,17:45,232,236
11307232,119,M,1982,05/06/19,12:59,05/06/19,13:12,162,178
11420212,119,M,1982,12/06/19,13:56,12/06/19,14:10,273,31
11437244,119,M,1982,13/06/19,11:42,13/06/19,11:56,168,162
11451699,119,M,1982,14/06/19,8:24,14/06/19,8:27,272,273
11494203,119,M,1982,17/06/19,14:11,17/06/19,19:36,10,178
11494274,119,M,1982,17/06/19,14:11,17/06/19,14:18,10,178
11562902,119,M,1982,21/06/19,8:43,21/06/19,8:46,272,273
11585724,119,M,1982,22/06/19,15:36,22/06/19,15:45,19,160
11605509,119,M,1982,24/06/19,13:52,24/06/19,14:00,272,178
11640412,119,M,1982,26/06/19,12:45,26/06/19,12:50,158,157
11399508,144,M,1988,11/06/19,11:48,11/06/19,11:54,39,73
11400025,144,M,1988,11/06/19,12:27,11/06/19,12:32,73,24
11454171,144,M,1988,14/06/19,10:05,14/06/19,10:16,25,275
11455171,144,M,1988,14/06/19,10:57,14/06/19,11:08,275,25
11567117,144,M,1988,21/06/19,12:20,21/06/19,12:29,25,275
11567393,144,M,1988,21/06/19,12:41,21/06/19,12:56,275,25
11260774,149,M,1985,02/06/19,16:03,02/06/19,16:08,85,49
11267366,149,M,1985,03/06/19,10:17,03/06/19,10:36,85,4
11270508,149,M,1985,03/06/19,13:51,03/06/19,14:05,48,85
11371373,149,M,1985,09/06/19,15:58,09/06/19,16:03,85,64
11420965,149,M,1985,12/06/19,14:37,12/06/19,14:41,40,52
11421709,149,M,1985,12/06/19,15:19,12/06/19,15:23,52,40
11512912,149,M,1985,18/06/19,14:08,18/06/19,14:39,259,66
11514691,149,M,1985,18/06/19,15:37,18/06/19,15:46,66,259
11579953,149,M,1985,22/06/19,8:51,22/06/19,9:01,85,39
11581051,149,M,1985,22/06/19,10:10,22/06/19,10:21,24,85
11614226,149,M,1985,24/06/19,20:53,24/06/19,21:04,85,199
11253695,162,M,1996,01/06/19,19:19,01/06/19,19:21,254,21
11305758,162,M,1996,05/06/19,11:12,05/06/19,11:33,39,254
11324640,162,M,1996,06/06/19,11:06,06/06/19,11:25,254,254
11344194,162,M,1996,07/06/19,12:30,07/06/19,12:48,254,254
11353067,162,M,1996,07/06/19,20:09,07/06/19,20:12,254,42
11353131,162,M,1996,07/06/19,20:12,07/06/19,20:22,42,254
11359784,162,M,1996,08/06/19,12:27,08/06/19,12:50,254,65
11360069,162,M,1996,08/06/19,12:51,08/06/19,13:06,65,254
11380627,162,M,1996,10/06/19,11:40,10/06/19,11:52,254,278
11381974,162,M,1996,10/06/19,13:26,10/06/19,13:36,278,254
11439017,162,M,1996,13/06/19,13:50,13/06/19,14:15,254,24
11446398,162,M,1996,13/06/19,19:36,13/06/19,19:40,40,50
11479646,162,M,1996,16/06/19,8:38,16/06/19,8:42,41,48
11479692,162,M,1996,16/06/19,8:46,16/06/19,8:55,42,197
11512289,162,M,1996,18/06/19,13:30,18/06/19,13:40,254,254
11548567,162,M,1996,20/06/19,12:39,20/06/19,13:02,41,254
11601391,162,M,1996,24/06/19,9:28,24/06/19,9:31,254,65
11602530,162,M,1996,24/06/19,10:31,24/06/19,10:59,32,254
11604136,162,M,1996,24/06/19,12:09,24/06/19,12:23,41,61
11607583,162,M,1996,24/06/19,15:57,24/06/19,16:14,254,254
11637844,162,M,1996,26/06/19,9:51,26/06/19,9:58,254,24
11640170,162,M,1996,26/06/19,12:26,26/06/19,12:29,254,23
11640215,162,M,1996,26/06/19,12:29,26/06/19,12:35,23,11
11640301,162,M,1996,26/06/19,12:36,26/06/19,12:59,11,25
11640610,162,M,1996,26/06/19,12:59,26/06/19,13:13,25,42
11640820,162,M,1996,26/06/19,13:13,26/06/19,13:25,42,254
11680595,162,M,1996,28/06/19,17:22,28/06/19,17:26,69,74
11680691,162,M,1996,28/06/19,17:27,28/06/19,17:36,74,254
11501420,175,M,1984,17/06/19,19:35,17/06/19,19:39,69,256
11501687,175,M,1984,17/06/19,19:45,17/06/19,19:49,256,69
11541666,175,M,1984,20/06/19,6:14,20/06/19,6:21,69,74
11559613,175,M,1984,20/06/19,22:12,20/06/19,22:17,69,74
11614455,175,M,1984,24/06/19,21:07,24/06/19,21:19,69,2
11615091,175,M,1984,24/06/19,21:51,24/06/19,21:56,256,69
11615512,175,M,1984,24/06/19,22:30,24/06/19,22:33,85,69
11626692,175,M,1984,25/06/19,16:12,25/06/19,16:29,85,69
11673270,175,M,1984,28/06/19,9:57,28/06/19,10:08,74,74
11482005,176,M,1981,16/06/19,12:30,16/06/19,12:49,70,55
11482680,176,M,1981,16/06/19,13:25,16/06/19,13:41,55,86
11557937,176,,1981,20/06/19,20:23,20/06/19,20:28,197,68
11695955,176,,1981,29/06/19,20:14,29/06/19,20:14,43,43
11251464,190,,1988,01/06/19,16:02,01/06/19,16:11,65,199
11283841,190,,1988,04/06/19,8:48,04/06/19,8:54,194,204
11293105,190,,1988,04/06/19,17:20,04/06/19,17:25,208,197
11343606,190,M,1988,07/06/19,11:42,07/06/19,11:53,208,183
11345020,190,M,1988,07/06/19,13:30,07/06/19,13:41,183,208
11451794,190,M,1988,14/06/19,8:28,14/06/19,8:36,194,208
11507020,190,M,1988,18/06/19,8:45,18/06/19,8:52,194,208
11516440,190,M,1988,18/06/19,17:16,18/06/19,17:23,208,66
11516637,190,M,1988,18/06/19,17:26,18/06/19,17:28,66,43
11653304,190,M,1988,27/06/19,8:27,27/06/19,8:36,194,208
11657372,190,M,1988,27/06/19,11:49,27/06/19,11:58,208,66
11658094,190,M,1988,27/06/19,12:37,27/06/19,12:47,66,208
11663628,190,M,1988,27/06/19,17:58,27/06/19,18:05,208,193
11365043,191,M,1983,08/06/19,20:34,08/06/19,20:34,163,163
11365049,191,M,1983,08/06/19,20:34,08/06/19,20:37,163,163
11284619,192,M,1974,04/06/19,9:14,04/06/19,9:18,32,50
11348629,192,M,1974,07/06/19,16:55,07/06/19,16:59,21,79
11379609,192,M,1974,10/06/19,10:31,10/06/19,10:36,79,254
11380097,192,M,1974,10/06/19,11:02,10/06/19,11:06,254,79
11381854,192,M,1974,10/06/19,13:15,10/06/19,13:26,194,
11385367,192,M,1974,10/06/19,16:40,10/06/19,16:42,48,
11396673,192,M,1974,11/06/19,8:59,11/06/19,9:01,32,
11414809,192,M,1974,12/06/19,8:46,12/06/19,8:51,32,
11422923,192,M,1974,12/06/19,16:27,12/06/19,16:41,21,79
11433648,192,M,1974,13/06/19,8:44,13/06/19,8:48,32,50
11442020,192,M,1974,13/06/19,16:39,13/06/19,16:43,32,50
11512940,192,M,1974,18/06/19,14:10,18/06/19,14:14,79,254
11544421,192,M,1974,20/06/19,8:52,20/06/19,8:58,32,62
11563545,192,M,1974,21/06/19,9:04,21/06/19,9:09,32,50
11619957,192,M,1974,25/06/19,9:21,25/06/19,9:26,32,50
11644502,192,M,1974,26/06/19,16:50,26/06/19,16:54,32,50
11656683,192,M,1974,27/06/19,11:02,27/06/19,11:10,46,50
11661867,192,M,1974,27/06/19,16:22,27/06/19,16:26,32,50
11246708,193,M,1986,01/06/19,10:38,01/06/19,10:42,194,253
11288450,193,M,1986,04/06/19,13:03,04/06/19,13:13,108,100
11330874,193,M,1986,06/06/19,17:33,06/06/19,17:42,41,193
11335103,193,M,1986,06/06/19,20:18,06/06/19,20:28,197,40
11386137,193,M,1986,10/06/19,17:25,10/06/19,17:53,225,197
11453714,193,M,1986,14/06/19,9:43,14/06/19,9:55,193,75
11469959,193,M,1986,15/06/19,9:40,15/06/19,9:54,193,32
11520064,194,M,1973,18/06/19,19:27,18/06/19,19:31,72,70
11247705,204,M,1975,01/06/19,11:45,01/06/19,12:09,52,52
11260142,204,M,1975,02/06/19,14:40,02/06/19,14:49,64,53
11261558,204,M,1975,02/06/19,18:08,02/06/19,18:58,53,53
11316736,204,M,1975,05/06/19,20:24,05/06/19,20:41,53,53
11367111,204,M,1975,09/06/19,9:35,09/06/19,9:57,53,194
11368449,204,M,1975,09/06/19,11:29,09/06/19,11:53,51,194
11368823,204,M,1975,09/06/19,11:54,09/06/19,12:05,194,51
11383180,204,M,1975,10/06/19,14:36,10/06/19,14:44,32,52
11400555,204,M,1975,11/06/19,13:07,11/06/19,13:19,52,272
11400815,204,M,1975,11/06/19,13:27,11/06/19,13:36,272,35
11404867,204,M,1975,11/06/19,17:17,11/06/19,17:28,50,28
11410466,204,M,1975,11/06/19,20:52,11/06/19,20:57,28,36
11437060,204,M,1975,13/06/19,11:31,13/06/19,11:46,53,256
11439016,204,M,1975,13/06/19,13:50,13/06/19,14:01,256,35
11439609,204,M,1975,13/06/19,14:23,13/06/19,14:32,35,256
11453613,204,M,1975,14/06/19,9:38,14/06/19,9:49,53,256
11455892,204,M,1975,14/06/19,11:48,14/06/19,12:11,134,53
11456217,204,M,1975,14/06/19,12:12,14/06/19,12:32,53,35
11463342,204,M,1975,14/06/19,18:51,14/06/19,18:55,36,28
11480302,204,M,1975,16/06/19,9:57,16/06/19,10:16,53,194
11558205,204,M,1975,20/06/19,20:34,20/06/19,21:01,134,53
11593553,204,M,1975,23/06/19,13:36,23/06/19,13:57,134,53
11606114,204,M,1975,24/06/19,14:27,24/06/19,14:39,53,53
11629081,204,M,1975,25/06/19,18:12,25/06/19,18:25,53,53
11696014,204,M,1975,29/06/19,20:18,29/06/19,20:39,141,45
11696210,204,M,1975,29/06/19,20:39,29/06/19,20:55,45,256
11703877,204,M,1975,30/06/19,20:12,30/06/19,20:20,242,205
11703938,204,M,1975,30/06/19,20:20,30/06/19,20:43,205,53
11688111,208,M,1949,29/06/19,9:01,29/06/19,9:07,72,3
11688320,208,M,1949,29/06/19,9:20,29/06/19,9:25,3,72
11257741,210,F,1986,02/06/19,11:13,02/06/19,11:23,70,51
11504124,210,F,1986,17/06/19,22:49,17/06/19,22:52,79,79
11385497,213,M,1986,10/06/19,16:48,10/06/19,16:49,200,200
11385545,213,M,1986,10/06/19,16:50,10/06/19,16:56,200,65
11386432,213,M,1986,10/06/19,17:40,10/06/19,17:47,65,13
11390599,213,M,1986,10/06/19,20:06,10/06/19,20:13,13,186
11392625,213,M,1986,10/06/19,22:14,10/06/19,22:22,64,41
11392706,213,M,1986,10/06/19,22:23,10/06/19,22:28,41,13
11395978,213,M,1986,11/06/19,8:38,11/06/19,8:45,23,65
11398376,213,M,1986,11/06/19,10:32,11/06/19,10:39,64,13
11412319,213,M,1986,12/06/19,6:39,12/06/19,6:46,13,64
11413896,213,M,1986,12/06/19,8:18,12/06/19,9:04,64,16
11429691,213,M,1986,12/06/19,21:24,12/06/19,21:30,64,13
11433832,213,M,1986,13/06/19,8:50,13/06/19,8:57,13,50
11441307,213,M,1986,13/06/19,15:58,13/06/19,16:03,40,13
11447826,213,M,1986,13/06/19,20:43,13/06/19,20:53,71,44
11458349,213,M,1986,14/06/19,14:28,14/06/19,14:32,16,13
11458908,213,M,1986,14/06/19,15:00,14/06/19,15:12,23,197
11461018,213,M,1986,14/06/19,17:06,14/06/19,17:16,65,13
11464818,213,M,1986,14/06/19,19:52,14/06/19,19:57,23,64
11466688,213,M,1986,14/06/19,21:40,14/06/19,21:46,64,13
11468993,213,M,1986,15/06/19,8:39,15/06/19,8:47,13,64
11470403,213,M,1986,15/06/19,10:06,15/06/19,10:16,64,13
11505151,213,M,1986,18/06/19,7:17,18/06/19,7:25,64,13
11514881,213,M,1986,18/06/19,15:48,18/06/19,16:01,192,13
11530155,213,M,1986,19/06/19,13:22,19/06/19,13:30,13,64
11539025,213,M,1986,19/06/19,20:20,19/06/19,20:28,13,64
11540864,213,M,1986,19/06/19,22:20,19/06/19,22:36,71,13
11549768,213,M,1986,20/06/19,13:59,20/06/19,14:17,13,200
11552884,213,M,1986,20/06/19,16:59,20/06/19,17:15,200,2
11557963,213,M,1986,20/06/19,20:24,20/06/19,20:30,13,64
11559635,213,M,1986,20/06/19,22:14,20/06/19,22:28,64,186
11560011,213,M,1986,20/06/19,22:59,20/06/19,23:06,186,13
11561213,213,M,1986,21/06/19,7:26,21/06/19,7:34,13,186
11569389,213,M,1986,21/06/19,14:41,21/06/19,14:49,12,50
11580737,213,M,1986,22/06/19,9:50,22/06/19,9:56,23,64
11582007,213,M,1986,22/06/19,11:12,22/06/19,11:21,64,13
11593235,213,M,1986,23/06/19,13:08,23/06/19,13:11,23,23
11593261,213,M,1986,23/06/19,13:11,23/06/19,13:28,23,186
11596033,213,M,1986,23/06/19,19:33,23/06/19,19:43,184,13
11598952,213,M,1986,24/06/19,7:52,24/06/19,8:01,13,65
11601046,213,M,1986,24/06/19,9:11,24/06/19,9:18,64,13
11279551,232,M,1955,03/06/19,21:07,03/06/19,21:11,73,64
11447873,232,M,1955,13/06/19,20:46,13/06/19,20:55,200,65
11502380,232,M,1955,17/06/19,20:19,17/06/19,20:29,200,65
11576378,232,M,1955,21/06/19,20:24,21/06/19,20:33,200,65
11614004,232,M,1955,24/06/19,20:41,24/06/19,20:50,200,65
11631750,232,M,1955,25/06/19,20:40,25/06/19,20:47,200,65
11678682,232,M,1955,28/06/19,15:29,28/06/19,15:34,64,73
11684836,232,M,1955,28/06/19,20:29,28/06/19,20:38,200,65
11564027,238,F,1973,21/06/19,9:25,21/06/19,9:34,66,196
11305102,250,M,1977,05/06/19,10:27,05/06/19,10:39,271,50
11305337,250,M,1977,05/06/19,10:43,05/06/19,10:55,50,171
11363599,250,M,1977,08/06/19,17:29,08/06/19,17:37,271,34
11380189,250,M,1977,10/06/19,11:07,10/06/19,11:14,271,34
11380389,250,M,1977,10/06/19,11:21,10/06/19,11:31,34,271
11382270,250,M,1977,10/06/19,13:45,10/06/19,13:58,271,50
11450868,250,M,1977,14/06/19,7:48,14/06/19,7:54,271,8
11468096,250,M,1977,15/06/19,7:14,15/06/19,7:19,271,8
11487131,250,M,1977,17/06/19,7:47,17/06/19,7:50,27,8
11505659,250,M,1977,18/06/19,7:51,18/06/19,7:55,27,8
11542731,250,M,1977,20/06/19,7:49,20/06/19,7:54,271,8
11561493,250,M,1977,21/06/19,7:44,21/06/19,7:49,271,8
11578953,250,M,1977,22/06/19,7:22,22/06/19,7:27,271,8
11598910,250,M,1977,24/06/19,7:50,24/06/19,7:54,27,8
11617164,250,M,1977,25/06/19,7:43,25/06/19,7:48,271,8
11634698,250,M,1977,26/06/19,7:51,26/06/19,7:56,271,8
11652348,250,M,1977,27/06/19,7:50,27/06/19,7:54,271,8
11670295,250,M,1977,28/06/19,7:43,28/06/19,7:48,271,8
11685757,250,M,1977,28/06/19,21:37,28/06/19,21:50,50,271
11425725,254,M,1993,12/06/19,18:37,12/06/19,18:46,182,62
11277503,255,M,1988,03/06/19,19:17,03/06/19,19:22,296,289
11279826,255,M,1988,03/06/19,21:27,03/06/19,21:32,289,296
11407497,255,M,1988,11/06/19,18:52,11/06/19,18:57,296,289
11410282,255,M,1988,11/06/19,20:41,11/06/19,20:46,289,296
11244406,256,M,1979,01/06/19,8:06,01/06/19,8:23,269,17
11252564,256,M,1979,01/06/19,17:38,01/06/19,17:41,260,263
11254079,256,M,1979,01/06/19,19:56,01/06/19,20:11,263,148
11255328,256,M,1979,01/06/19,22:27,01/06/19,22:42,148,263
11255989,256,M,1979,02/06/19,8:10,02/06/19,8:28,269,16
11265180,256,M,1979,03/06/19,8:15,03/06/19,8:16,269,269
11265191,256,M,1979,03/06/19,8:16,03/06/19,8:30,269,17
11274696,256,M,1979,03/06/19,17:40,03/06/19,17:46,59,56
11282857,256,M,1979,04/06/19,8:13,04/06/19,8:29,269,17
11293532,256,M,1979,04/06/19,17:41,04/06/19,17:49,59,281
11363686,256,M,1979,08/06/19,17:37,08/06/19,18:03,260,148
11365780,256,M,1979,08/06/19,22:14,08/06/19,22:24,148,230
11365843,256,M,1979,08/06/19,22:24,08/06/19,22:32,230,263
11366503,256,M,1979,09/06/19,8:08,09/06/19,8:23,269,17
11371927,256,M,1979,09/06/19,17:26,09/06/19,17:33,59,56
11376439,256,M,1979,10/06/19,8:13,10/06/19,8:27,269,17
11386407,256,M,1979,10/06/19,17:39,10/06/19,17:52,17,54
11387410,256,M,1979,10/06/19,18:15,10/06/19,18:19,54,56
11395460,256,M,1979,11/06/19,8:20,11/06/19,8:30,269,17
11413790,256,M,1979,12/06/19,8:15,12/06/19,8:31,269,17
11418153,256,M,1979,12/06/19,11:26,12/06/19,11:31,268,59
11419221,256,M,1979,12/06/19,12:49,12/06/19,12:59,54,260
11424184,256,M,1979,12/06/19,17:42,12/06/19,17:45,54,35
11425029,256,M,1979,12/06/19,18:15,12/06/19,18:29,35,226
11425463,256,M,1979,12/06/19,18:29,12/06/19,18:41,226,236
11429746,256,M,1979,12/06/19,21:28,12/06/19,21:40,236,263
11451114,256,M,1979,14/06/19,7:59,14/06/19,8:11,269,17
11461687,256,M,1979,14/06/19,17:43,14/06/19,17:55,55,181
11468637,256,M,1979,15/06/19,8:15,15/06/19,8:30,269,17
11479477,256,M,1979,16/06/19,8:09,16/06/19,8:25,269,17
11484396,256,M,1979,16/06/19,17:14,16/06/19,17:27,59,257
11484757,256,M,1979,16/06/19,18:55,16/06/19,19:05,257,263
11484817,256,M,1979,16/06/19,19:11,16/06/19,19:22,263,178
11487743,256,M,1979,17/06/19,8:14,17/06/19,8:25,269,17
11492693,256,M,1979,17/06/19,12:39,17/06/19,13:00,54,59
11498223,256,M,1979,17/06/19,17:39,17/06/19,17:49,54,178
11513183,256,M,1979,18/06/19,14:21,18/06/19,14:34,54,54
11514035,256,M,1979,18/06/19,15:07,18/06/19,15:27,54,59
11516468,256,M,1979,18/06/19,17:17,18/06/19,17:24,59,256
11536012,256,M,1979,19/06/19,18:25,19/06/19,18:26,260,260
11536067,256,M,1979,19/06/19,18:27,19/06/19,18:47,260,236
11540066,256,M,1979,19/06/19,21:17,19/06/19,21:32,236,263
11543268,256,M,1979,20/06/19,8:12,20/06/19,8:31,269,17
11546824,256,M,1979,20/06/19,10:38,20/06/19,10:42,59,80
11547205,256,M,1979,20/06/19,11:01,20/06/19,11:07,80,59
11553438,256,M,1979,20/06/19,17:28,20/06/19,17:50,59,260
11553851,256,M,1979,20/06/19,17:50,20/06/19,18:11,260,258
11556075,256,M,1979,20/06/19,19:06,20/06/19,19:19,258,148
11559299,256,M,1979,20/06/19,21:44,20/06/19,21:50,258,263
11562080,256,M,1979,21/06/19,8:13,21/06/19,8:28,269,17
11566874,256,M,1979,21/06/19,12:05,21/06/19,12:14,54,54
11572319,256,M,1979,21/06/19,17:23,21/06/19,17:29,59,263
11579345,256,M,1979,22/06/19,8:12,22/06/19,8:27,269,17
11587040,256,M,1979,22/06/19,17:56,22/06/19,18:03,54,263
11588017,256,M,1979,22/06/19,19:50,22/06/19,20:06,263,148
11589297,256,M,1979,22/06/19,22:05,22/06/19,22:22,148,263
11590219,256,M,1979,23/06/19,8:23,23/06/19,8:35,269,17
11599543,256,M,1979,24/06/19,8:18,24/06/19,8:31,269,17
11609044,256,M,1979,24/06/19,17:26,24/06/19,17:30,59,263
11612562,256,M,1979,24/06/19,19:31,24/06/19,19:38,80,227
11612725,256,M,1979,24/06/19,19:39,24/06/19,19:41,227,230
11615463,256,M,1979,24/06/19,22:24,24/06/19,22:36,148,263
11617814,256,M,1979,25/06/19,8:09,25/06/19,8:25,269,17
11627776,256,M,1979,25/06/19,17:17,25/06/19,17:29,260,181
11635216,256,M,1979,26/06/19,8:10,26/06/19,8:26,269,17
11644693,256,M,1979,26/06/19,17:03,26/06/19,17:14,59,178
11647677,256,M,1979,26/06/19,18:57,26/06/19,19:10,263,236
11652930,256,M,1979,27/06/19,8:12,27/06/19,8:26,269,17
11658622,256,M,1979,27/06/19,13:15,27/06/19,13:21,54,59
11670796,256,M,1979,28/06/19,8:08,28/06/19,8:23,269,17
11680727,256,M,1979,28/06/19,17:29,28/06/19,17:41,35,178
11686622,256,M,1979,28/06/19,23:16,28/06/19,23:26,256,208
11686660,256,M,1979,28/06/19,23:26,28/06/19,23:31,208,206
11687159,256,M,1979,29/06/19,7:25,29/06/19,7:39,269,17
11694191,256,M,1979,29/06/19,17:21,29/06/19,17:23,54,35
11694432,256,M,1979,29/06/19,17:41,29/06/19,17:52,35,178
11277733,261,F,1988,03/06/19,19:25,03/06/19,19:27,68,45
11297351,261,F,1988,04/06/19,19:51,04/06/19,19:55,68,63
11298451,261,F,1988,04/06/19,20:47,04/06/19,20:52,63,70
11304185,261,F,1988,05/06/19,9:32,05/06/19,9:38,68,63
11307859,261,F,1988,05/06/19,13:42,05/06/19,13:47,65,70
11398248,261,F,1988,11/06/19,10:24,11/06/19,10:38,68,195
11440830,261,F,1988,13/06/19,15:31,13/06/19,15:33,68,45
11575867,261,F,1988,21/06/19,19:54,21/06/19,20:01,70,50
11610824,261,F,1988,24/06/19,18:33,24/06/19,18:43,87,188
11621241,261,F,1988,25/06/19,10:31,25/06/19,10:41,68,188
11623102,261,F,1988,25/06/19,12:43,25/06/19,12:55,188,68
11272472,264,M,1988,03/06/19,15:34,03/06/19,15:39,73,64
11278391,264,M,1988,03/06/19,19:56,03/06/19,20:15,199,280
11365074,264,M,1988,08/06/19,20:37,08/06/19,20:46,280,79
11371549,264,M,1988,09/06/19,16:24,09/06/19,16:36,50,280
11476624,264,M,1988,15/06/19,17:52,15/06/19,17:59,85,86
11476787,264,M,1988,15/06/19,18:11,15/06/19,18:18,4,69
11576855,264,M,1988,21/06/19,20:56,21/06/19,21:05,280,60
11631845,264,M,1988,25/06/19,20:47,25/06/19,21:08,28,85
11667256,264,M,1988,27/06/19,20:10,27/06/19,20:26,194,85
11283383,268,M,1980,04/06/19,8:33,04/06/19,8:43,49,35
11329568,268,M,1980,06/06/19,16:17,06/06/19,16:26,49,34
11479860,268,M,1980,16/06/19,9:11,16/06/19,9:13,103,117
11470109,269,M,1987,15/06/19,9:48,15/06/19,9:56,73,66
11261159,278,M,1993,02/06/19,17:04,02/06/19,17:08,56,262
11270165,278,M,1993,03/06/19,13:31,03/06/19,13:43,263,263
11277456,278,M,1993,03/06/19,19:15,03/06/19,19:21,54,28
11278376,278,M,1993,03/06/19,19:55,03/06/19,20:03,35,62
11279581,278,M,1993,03/06/19,21:09,03/06/19,21:17,62,263
11289047,278,M,1993,04/06/19,13:40,04/06/19,13:45,263,57
11289161,278,M,1993,04/06/19,13:45,04/06/19,13:52,57,62
11291630,278,M,1993,04/06/19,15:57,04/06/19,16:01,62,59
11300181,278,M,1993,04/06/19,23:44,04/06/19,23:53,62,263
11306213,278,M,1993,05/06/19,11:46,05/06/19,11:53,263,62
11324536,278,M,1993,06/06/19,10:59,06/06/19,11:09,263,62
11335193,278,M,1993,06/06/19,20:23,06/06/19,20:27,53,62
11344688,278,M,1993,07/06/19,13:06,07/06/19,13:14,263,62
11354244,278,M,1993,07/06/19,21:22,07/06/19,21:35,61,262
11358549,278,M,1993,08/06/19,10:57,08/06/19,11:04,263,62
11362768,278,M,1993,08/06/19,16:06,08/06/19,16:17,62,59
11364362,278,M,1993,08/06/19,19:16,08/06/19,19:24,61,263
11366630,278,M,1993,09/06/19,8:37,09/06/19,9:09,51,194
11366864,278,M,1993,09/06/19,9:10,09/06/19,9:42,194,51
11382203,278,M,1993,10/06/19,13:41,10/06/19,13:48,263,62
11401384,278,M,1993,11/06/19,14:03,11/06/19,14:16,263,78
11401658,278,M,1993,11/06/19,14:16,11/06/19,14:27,78,34
11402401,278,M,1993,11/06/19,14:59,11/06/19,15:07,268,28
11403893,278,M,1993,11/06/19,16:19,11/06/19,16:39,29,255
11410047,278,M,1993,11/06/19,20:29,11/06/19,20:39,62,62
11417813,278,M,1993,12/06/19,11:05,12/06/19,11:14,263,62
11418882,278,M,1993,12/06/19,12:25,12/06/19,12:35,62,255
11419171,278,M,1993,12/06/19,12:45,12/06/19,12:54,255,62
11422765,278,M,1993,12/06/19,16:17,12/06/19,16:25,31,262
11424026,278,M,1993,12/06/19,17:34,12/06/19,17:42,263,62
11429988,278,M,1993,12/06/19,21:49,12/06/19,21:58,62,62
11436641,278,M,1993,13/06/19,11:07,13/06/19,11:14,263,62
11440485,278,M,1993,13/06/19,15:12,13/06/19,15:28,62,59
11444847,278,M,1993,13/06/19,18:46,13/06/19,19:03,51,62
11455677,278,M,1993,14/06/19,11:33,14/06/19,11:50,18,263
11478837,278,M,1993,15/06/19,22:27,15/06/19,22:34,56,263
11492867,278,M,1993,17/06/19,12:52,17/06/19,12:58,263,6
11494018,278,M,1993,17/06/19,14:04,17/06/19,14:08,26,62
11496652,278,M,1993,17/06/19,16:15,17/06/19,16:33,62,61
11509954,278,M,1993,18/06/19,11:08,18/06/19,11:23,196,11
11529380,278,M,1993,19/06/19,12:28,19/06/19,12:46,263,34
11529634,278,M,1993,19/06/19,12:46,19/06/19,13:08,34,28
11541414,278,M,1993,19/06/19,23:59,20/06/19,0:05,62,263
11546498,278,M,1993,20/06/19,10:21,20/06/19,10:29,263,62
11550743,278,M,1993,20/06/19,14:52,20/06/19,15:09,62,59
11560282,278,M,1993,20/06/19,23:56,21/06/19,0:02,62,263
11567338,278,M,1993,21/06/19,12:38,21/06/19,13:35,196,20
11568174,278,M,1993,21/06/19,13:35,21/06/19,13:42,20,65
11568355,278,M,1993,21/06/19,13:47,21/06/19,13:54,65,62
11571765,278,M,1993,21/06/19,16:53,21/06/19,17:11,62,263
11572076,278,M,1993,21/06/19,17:11,21/06/19,17:23,263,28
11573114,278,M,1993,21/06/19,18:04,21/06/19,18:15,34,62
11578154,278,M,1993,21/06/19,22:38,21/06/19,22:49,62,263
11582817,278,M,1993,22/06/19,12:12,22/06/19,12:33,263,54
11583194,278,M,1993,22/06/19,12:39,22/06/19,13:00,55,34
11583487,278,M,1993,22/06/19,13:01,22/06/19,13:04,34,54
11594023,278,M,1993,23/06/19,14:32,23/06/19,14:39,263,35
11594273,278,M,1993,23/06/19,15:01,23/06/19,15:08,35,263
11605590,278,M,1993,24/06/19,13:58,24/06/19,14:04,263,31
11606531,278,M,1993,24/06/19,14:53,24/06/19,15:12,6,59
11621961,278,M,1993,25/06/19,11:15,25/06/19,11:24,263,62
11625845,278,M,1993,25/06/19,15:25,25/06/19,15:29,62,59
11639607,278,M,1993,26/06/19,11:40,26/06/19,12:03,263,62
11644282,278,M,1993,26/06/19,16:34,26/06/19,16:43,61,34
11647708,278,M,1993,26/06/19,18:59,26/06/19,19:05,54,62
11651899,278,M,1993,27/06/19,7:23,27/06/19,7:30,62,263
11665413,278,M,1993,27/06/19,18:57,27/06/19,19:04,263,62
11669470,278,M,1993,28/06/19,6:04,28/06/19,6:04,62,62
11669472,278,M,1993,28/06/19,6:04,28/06/19,6:10,62,263
11678458,278,M,1993,28/06/19,15:17,28/06/19,15:24,263,52
11686411,278,M,1993,28/06/19,22:42,28/06/19,22:51,62,2
11690313,278,M,1993,29/06/19,12:15,29/06/19,12:23,263,62
11697508,278,M,1993,30/06/19,7:19,30/06/19,7:29,62,262
11701052,278,M,1993,30/06/19,13:54,30/06/19,13:58,263,35
11703094,278,M,1993,30/06/19,18:22,30/06/19,18:27,54,62
11256742,279,F,1982,02/06/19,9:52,02/06/19,10:03,256,62
11259332,279,F,1982,02/06/19,13:23,02/06/19,13:30,50,54
11259584,279,F,1982,02/06/19,13:42,02/06/19,13:53,268,6
11362346,279,F,1982,08/06/19,15:26,08/06/19,15:42,56,156
11362514,279,F,1982,08/06/19,15:42,08/06/19,15:51,156,82
11397967,279,F,1982,11/06/19,10:03,11/06/19,10:18,256,50
11398342,279,F,1982,11/06/19,10:30,11/06/19,10:33,50,52
11398498,279,F,1982,11/06/19,10:37,11/06/19,10:52,52,256
11496234,279,F,1982,17/06/19,15:53,17/06/19,16:08,52,269
11692556,279,F,1982,29/06/19,14:56,29/06/19,15:08,11,269
11269612,280,M,1981,03/06/19,12:56,03/06/19,13:06,33,70
11270317,280,M,1981,03/06/19,13:39,03/06/19,13:50,70,33
11344197,282,M,1990,07/06/19,12:31,07/06/19,12:37,14,161
11344471,282,M,1990,07/06/19,12:51,07/06/19,12:57,161,14
11638393,282,M,1990,26/06/19,10:19,26/06/19,10:25,14,37
11641530,282,M,1990,26/06/19,13:59,26/06/19,14:06,37,14
11297417,284,M,1978,04/06/19,19:54,04/06/19,20:01,143,152
11303875,284,M,1978,05/06/19,9:17,05/06/19,9:20,270,238
11316055,284,M,1978,05/06/19,19:51,05/06/19,20:00,143,152
11324475,284,M,1978,06/06/19,10:56,06/06/19,10:58,253,194
11349033,284,M,1978,07/06/19,17:17,07/06/19,17:20,284,283
11349842,284,M,1978,07/06/19,17:59,07/06/19,18:00,283,284
11401571,284,M,1978,11/06/19,14:12,11/06/19,14:20,284,9
11402692,284,M,1978,11/06/19,15:13,11/06/19,15:22,9,284
11409636,284,M,1978,11/06/19,20:07,11/06/19,20:15,143,152
11414759,284,M,1978,12/06/19,8:45,12/06/19,8:50,152,238
11428551,284,M,1978,12/06/19,20:19,12/06/19,20:26,143,152
11444159,284,M,1978,13/06/19,18:23,13/06/19,18:26,284,283
11464083,284,M,1978,14/06/19,19:19,14/06/19,19:29,143,152
11481030,284,M,1978,16/06/19,11:05,16/06/19,11:17,236,151
11487154,284,M,1978,17/06/19,7:48,17/06/19,8:57,152,143
11537482,284,M,1978,19/06/19,19:15,19/06/19,19:22,143,152
11644207,284,M,1978,26/06/19,16:29,26/06/19,16:32,284,283
11683840,284,M,1978,28/06/19,19:39,28/06/19,19:47,143,152
11702182,284,M,1978,30/06/19,16:11,30/06/19,16:16,152,270
11534977,285,M,1984,19/06/19,17:50,19/06/19,18:06,180,163
11684089,285,M,1984,28/06/19,19:51,28/06/19,19:55,73,71
11267322,295,F,1986,03/06/19,10:14,03/06/19,10:27,64,262
11284892,295,F,1986,04/06/19,9:28,04/06/19,9:44,64,262
11305295,295,F,1986,05/06/19,10:40,05/06/19,10:54,64,262
11379543,295,F,1986,10/06/19,10:28,10/06/19,10:39,64,80
11407729,295,F,1986,11/06/19,19:00,11/06/19,19:02,64,63
11417507,295,F,1986,12/06/19,10:50,12/06/19,11:02,64,262
11433100,295,F,1986,13/06/19,8:27,13/06/19,8:38,64,262
11452060,295,F,1986,14/06/19,8:38,14/06/19,8:52,64,262
11462644,295,F,1986,14/06/19,18:24,14/06/19,18:29,46,64
11488123,295,F,1986,17/06/19,8:27,17/06/19,8:39,64,262
11525356,295,F,1986,19/06/19,8:29,19/06/19,8:36,64,46
11529325,295,F,1986,19/06/19,12:24,19/06/19,12:40,46,262
11534930,295,F,1986,19/06/19,17:48,19/06/19,18:15,262,64
11536856,295,F,1986,19/06/19,18:53,19/06/19,19:01,64,277
11543793,295,F,1986,20/06/19,8:31,20/06/19,8:44,64,262
11563914,295,F,1986,21/06/19,9:19,21/06/19,9:34,64,262
11570470,295,F,1986,21/06/19,15:39,21/06/19,15:44,64,46
11599922,295,F,1986,24/06/19,8:32,24/06/19,8:39,64,46
11619509,295,F,1986,25/06/19,9:04,25/06/19,9:16,64,262
11630567,295,F,1986,25/06/19,18:58,25/06/19,19:05,76,64
11635693,295,F,1986,26/06/19,8:27,26/06/19,8:39,64,262
11653688,295,F,1986,27/06/19,8:40,27/06/19,8:46,64,46
11657888,295,F,1986,27/06/19,12:23,27/06/19,12:42,46,262
11675456,295,F,1986,28/06/19,12:10,28/06/19,12:22,46,53
11269741,307,M,1970,03/06/19,13:04,03/06/19,13:06,98,106
11271218,307,M,1970,03/06/19,14:25,03/06/19,14:28,106,98
11303941,307,M,1970,05/06/19,9:19,05/06/19,9:21,98,106
11304150,307,M,1970,05/06/19,9:29,05/06/19,9:31,106,98
11380700,307,M,1970,10/06/19,11:45,10/06/19,11:47,98,106
11380797,307,M,1970,10/06/19,11:53,10/06/19,12:10,106,106
11381042,307,M,1970,10/06/19,12:11,10/06/19,12:13,106,98
11384565,307,M,1970,10/06/19,15:56,10/06/19,15:59,221,225
11386226,307,M,1970,10/06/19,17:30,10/06/19,17:34,225,221
11402426,307,M,1970,11/06/19,15:00,11/06/19,15:05,219,225
11405581,307,M,1970,11/06/19,17:52,11/06/19,17:58,225,219
11545598,307,M,1970,20/06/19,9:36,20/06/19,9:48,98,291
11549538,307,M,1970,20/06/19,13:45,20/06/19,13:58,291,98
11566946,307,M,1970,21/06/19,12:08,21/06/19,12:16,98,98
11573031,307,M,1970,21/06/19,18:01,21/06/19,18:06,98,117
11637572,307,M,1970,26/06/19,9:36,26/06/19,9:38,98,106
11637805,307,M,1970,26/06/19,9:49,26/06/19,9:52,106,98
11328719,310,F,1995,06/06/19,15:27,06/06/19,15:32,187,197
11330881,310,F,1995,06/06/19,17:34,06/06/19,17:42,187,66
11423882,310,F,1995,12/06/19,17:27,12/06/19,17:32,82,160
11460843,310,F,1995,14/06/19,16:55,14/06/19,17:01,187,160
11471354,310,F,1995,15/06/19,11:15,15/06/19,11:21,82,160
11498122,310,F,1995,17/06/19,17:34,17/06/19,17:42,82,160
11514962,310,F,1995,18/06/19,15:54,18/06/19,16:02,187,160
11556485,310,F,1995,20/06/19,19:19,20/06/19,19:28,85,64
11608993,310,F,1995,24/06/19,17:22,24/06/19,17:30,187,160
11612182,310,F,1995,24/06/19,19:18,24/06/19,19:29,160,44
11645348,310,F,1995,26/06/19,17:34,26/06/19,17:39,187,82
11646176,310,F,1995,26/06/19,18:09,26/06/19,18:16,33,160
11253494,312,M,1994,01/06/19,19:01,01/06/19,19:20,69,199
11255151,312,M,1994,01/06/19,21:59,01/06/19,22:15,199,85
11255314,312,M,1994,01/06/19,22:25,01/06/19,22:29,85,75
11271213,312,M,1994,03/06/19,14:25,03/06/19,14:44,75,160
11289523,312,M,1994,04/06/19,14:06,04/06/19,14:21,9,69
11308033,312,M,1994,05/06/19,13:53,05/06/19,14:08,60,82
11327120,312,M,1994,06/06/19,13:59,06/06/19,14:16,75,202
11336967,312,M,1994,06/06/19,22:18,06/06/19,22:41,88,75
11342685,312,M,1994,07/06/19,10:38,07/06/19,10:52,256,256
11345966,312,M,1994,07/06/19,14:28,07/06/19,14:30,75,69
11379159,312,M,1994,10/06/19,10:07,10/06/19,10:27,174,9
11382848,312,M,1994,10/06/19,14:17,10/06/19,14:34,75,176
11392619,312,M,1994,10/06/19,22:14,10/06/19,22:30,211,75
11401679,312,M,1994,11/06/19,14:17,11/06/19,14:29,60,19
11419904,312,M,1994,12/06/19,13:34,12/06/19,13:48,60,157
11434843,312,M,1994,13/06/19,9:31,13/06/19,9:59,75,202
11437335,312,M,1994,13/06/19,11:48,13/06/19,12:12,168,75
11439491,312,M,1994,13/06/19,14:17,13/06/19,14:32,75,82
11449148,312,M,1994,13/06/19,22:18,13/06/19,22:27,69,75
11455991,312,M,1994,14/06/19,11:54,14/06/19,12:01,9,76
11456950,312,M,1994,14/06/19,13:05,14/06/19,13:17,75,202
11467137,312,M,1994,14/06/19,22:19,14/06/19,22:25,15,75
11469402,312,M,1994,15/06/19,9:04,15/06/19,9:15,60,172
11471613,312,M,1994,15/06/19,11:37,15/06/19,11:44,36,76
11473933,312,M,1994,15/06/19,14:19,15/06/19,14:21,75,69
11487902,312,M,1994,17/06/19,8:19,17/06/19,8:30,165,158
11489522,312,M,1994,17/06/19,9:16,17/06/19,9:21,275,157
11490046,312,M,1994,17/06/19,9:42,17/06/19,9:44,69,9
11509882,312,M,1994,18/06/19,11:04,18/06/19,11:24,9,9
11512471,312,M,1994,18/06/19,13:42,18/06/19,13:54,60,162
11531171,312,M,1994,19/06/19,14:23,19/06/19,14:33,75,202
11545033,312,M,1994,20/06/19,9:11,20/06/19,9:32,81,282
11550118,312,M,1994,20/06/19,14:16,20/06/19,14:32,60,160
11559437,312,M,1994,20/06/19,21:56,20/06/19,22:12,154,277
11560138,312,M,1994,20/06/19,23:21,20/06/19,23:32,277,75
11577867,312,M,1994,21/06/19,22:11,21/06/19,22:24,69,75
11584744,312,M,1994,22/06/19,14:24,22/06/19,14:25,75,69
11589662,312,M,1994,22/06/19,23:04,22/06/19,23:09,60,34
11589713,312,M,1994,22/06/19,23:16,22/06/19,23:27,35,62
11589837,312,M,1994,22/06/19,23:52,22/06/19,23:58,50,65
11615275,312,M,1994,24/06/19,22:07,24/06/19,22:12,202,277
11615867,312,M,1994,24/06/19,23:34,24/06/19,23:48,277,75
11656829,312,M,1994,27/06/19,11:12,27/06/19,11:20,60,34
11657145,312,M,1994,27/06/19,11:33,27/06/19,11:40,34,2
11658944,312,M,1994,27/06/19,13:38,27/06/19,14:03,9,63
11659329,312,M,1994,27/06/19,14:03,27/06/19,14:14,63,82
11668748,312,M,1994,27/06/19,22:20,27/06/19,22:41,69,75
11674013,312,M,1994,28/06/19,10:42,28/06/19,10:44,60,52
11674326,312,M,1994,28/06/19,11:01,28/06/19,11:05,165,158
11675790,312,M,1994,28/06/19,12:32,28/06/19,12:36,275,157
11676081,312,M,1994,28/06/19,12:51,28/06/19,13:09,69,9
11676548,312,M,1994,28/06/19,13:25,28/06/19,13:27,9,69
11245554,315,M,1989,01/06/19,9:21,01/06/19,9:37,12,195
11254826,315,M,1989,01/06/19,21:22,01/06/19,21:31,50,33
11391574,315,M,1989,10/06/19,20:59,10/06/19,21:06,52,27
11578089,315,M,1989,21/06/19,22:31,21/06/19,22:36,64,51
11583878,315,M,1989,22/06/19,13:26,22/06/19,13:37,49,10
11589459,315,M,1989,22/06/19,22:28,22/06/19,22:35,27,11
11633201,315,M,1989,25/06/19,22:57,25/06/19,23:19,196,24
11685057,315,M,1989,28/06/19,20:46,28/06/19,20:52,11,33
11688655,315,M,1989,29/06/19,9:52,29/06/19,10:00,12,42
11692478,315,M,1989,29/06/19,14:51,29/06/19,15:00,65,12
11694061,315,M,1989,29/06/19,17:09,29/06/19,17:27,12,50
11694269,315,M,1989,29/06/19,17:27,29/06/19,17:30,50,53
11694380,315,M,1989,29/06/19,17:37,29/06/19,17:46,53,35
11694673,315,M,1989,29/06/19,18:07,29/06/19,18:36,35,6
11694980,315,M,1989,29/06/19,18:36,29/06/19,18:48,6,35
11695741,315,M,1989,29/06/19,19:53,29/06/19,20:01,29,12
11697157,315,M,1989,29/06/19,22:53,29/06/19,23:09,50,198
11698484,315,M,1989,30/06/19,10:14,30/06/19,10:18,69,73
11699740,315,M,1989,30/06/19,12:02,30/06/19,12:12,50,55
11258982,317,F,1994,02/06/19,12:57,02/06/19,12:59,100,119
11286771,317,F,1994,04/06/19,11:19,04/06/19,11:21,159,165
11322159,317,F,1994,06/06/19,8:57,06/06/19,9:10,17,29
11324868,317,F,1994,06/06/19,11:21,06/06/19,11:29,27,156
11357947,317,F,1994,08/06/19,10:09,08/06/19,10:13,119,98
11361578,317,F,1994,08/06/19,14:30,08/06/19,14:48,4,52
11369899,317,F,1994,09/06/19,13:17,09/06/19,13:21,98,119
11688074,317,F,1994,29/06/19,8:57,29/06/19,9:08,156,17
11528586,318,M,1986,19/06/19,11:40,19/06/19,11:40,291,291
11528593,318,M,1986,19/06/19,11:40,19/06/19,12:03,291,103
11544270,318,M,1986,20/06/19,8:47,20/06/19,8:56,106,291
11588294,318,M,1986,22/06/19,20:16,22/06/19,20:21,168,82
11590974,318,M,1986,23/06/19,10:01,23/06/19,10:20,18,54
11591263,318,M,1986,23/06/19,10:26,23/06/19,10:29,54,56
11591460,318,M,1986,23/06/19,10:46,23/06/19,11:08,56,18
11600150,318,M,1986,24/06/19,8:39,24/06/19,8:48,106,291
11618842,318,M,1986,25/06/19,8:43,25/06/19,8:53,106,291
11636319,318,M,1986,26/06/19,8:46,26/06/19,8:55,107,291
11653779,318,M,1986,27/06/19,8:43,27/06/19,8:53,106,291
11246371,320,M,1989,01/06/19,10:14,01/06/19,10:22,51,56
11270282,320,M,1989,03/06/19,13:38,03/06/19,13:44,53,56
11316799,320,M,1989,05/06/19,20:28,05/06/19,20:34,51,56
11343527,320,M,1989,07/06/19,11:34,07/06/19,11:39,53,54
11350885,320,M,1989,07/06/19,18:37,07/06/19,18:41,238,270
11351506,320,M,1989,07/06/19,19:03,07/06/19,19:12,263,171
11358670,320,M,1989,08/06/19,11:07,08/06/19,11:14,53,56
11380905,320,M,1989,10/06/19,12:03,10/06/19,12:10,51,56
11386624,320,M,1989,10/06/19,17:48,10/06/19,17:52,267,270
11426702,320,M,1989,12/06/19,19:11,12/06/19,19:18,60,56
11492994,320,M,1989,17/06/19,13:01,17/06/19,13:09,51,56
11657243,320,M,1989,27/06/19,11:40,27/06/19,11:45,51,36
11287238,326,M,1985,04/06/19,11:50,04/06/19,11:59,174,5
11416393,326,M,1985,12/06/19,9:51,12/06/19,10:04,174,173
11417904,326,M,1985,12/06/19,11:10,12/06/19,11:24,271,5
11436544,326,M,1985,13/06/19,11:01,13/06/19,11:08,82,255
11436682,326,M,1985,13/06/19,11:09,13/06/19,11:19,255,269
11507326,326,M,1985,18/06/19,8:54,18/06/19,9:08,180,72
11508289,326,M,1985,18/06/19,9:34,18/06/19,9:51,72,5
11313500,327,M,1965,05/06/19,18:25,05/06/19,18:41,66,41
11336961,327,M,1965,06/06/19,22:17,06/06/19,22:26,160,21
11361658,327,M,1965,08/06/19,14:35,08/06/19,14:49,21,55
11401930,327,M,1965,11/06/19,14:33,11/06/19,14:38,66,21
11420750,327,M,1965,12/06/19,14:25,12/06/19,14:31,66,21
11475855,327,M,1965,15/06/19,16:36,15/06/19,16:54,21,56
11494732,327,M,1965,17/06/19,14:33,17/06/19,14:36,47,21
11495858,327,M,1965,17/06/19,15:35,17/06/19,15:39,21,46
11550199,327,M,1965,20/06/19,14:21,20/06/19,14:26,66,21
11584653,327,M,1965,22/06/19,14:17,22/06/19,14:29,21,88
11659830,327,M,1965,27/06/19,14:29,27/06/19,14:35,66,21
11677702,327,M,1965,28/06/19,14:35,28/06/19,14:40,66,21
11692212,327,M,1965,29/06/19,14:32,29/06/19,14:50,66,56
11256001,328,F,1992,02/06/19,8:13,02/06/19,8:23,21,154
11257235,328,F,1992,02/06/19,10:33,02/06/19,10:42,64,64
11286067,328,F,1992,04/06/19,10:37,04/06/19,10:43,21,11
11289163,328,F,1992,04/06/19,13:45,04/06/19,13:51,38,42
11368601,328,F,1992,09/06/19,11:40,09/06/19,11:43,21,65
11433736,328,F,1992,13/06/19,8:47,13/06/19,8:52,21,71
11459521,328,F,1992,14/06/19,15:36,14/06/19,15:41,21,70
11479889,328,F,1992,16/06/19,9:15,16/06/19,9:24,42,194
11488611,328,F,1992,17/06/19,8:44,17/06/19,8:47,42,70
11494875,328,F,1992,17/06/19,14:40,17/06/19,14:45,70,21
11558589,328,F,1992,20/06/19,20:56,20/06/19,20:59,42,49
11559963,328,F,1992,20/06/19,22:51,20/06/19,22:54,49,42
11585006,328,F,1992,22/06/19,14:42,22/06/19,14:49,21,4
11661371,328,F,1992,27/06/19,15:51,27/06/19,15:54,42,70
11665463,328,F,1992,27/06/19,18:59,27/06/19,19:05,70,21
11349017,329,M,1976,07/06/19,17:17,07/06/19,17:30,72,268
11459566,329,M,1976,14/06/19,15:38,14/06/19,15:50,32,170
11550306,329,M,1976,20/06/19,14:27,20/06/19,14:43,66,168
11480411,337,M,1983,16/06/19,10:10,16/06/19,10:20,173,50
11484010,337,M,1983,16/06/19,16:07,16/06/19,16:19,53,247
11499009,337,M,1983,17/06/19,18:12,17/06/19,18:29,268,275
11517308,337,M,1983,18/06/19,18:00,18/06/19,18:13,268,247
11285051,338,F,1970,04/06/19,9:36,04/06/19,9:50,246,55
11291691,338,F,1970,04/06/19,16:01,04/06/19,16:16,34,247
11305555,338,F,1970,05/06/19,10:57,05/06/19,11:12,247,34
11310778,338,F,1970,05/06/19,16:15,05/06/19,16:29,55,247
11378493,338,F,1970,10/06/19,9:30,10/06/19,9:48,246,34
11416037,338,F,1970,12/06/19,9:33,12/06/19,9:47,246,55
11424059,338,F,1970,12/06/19,17:36,12/06/19,17:54,34,247
11434544,338,F,1970,13/06/19,9:17,13/06/19,9:32,247,158
11436021,338,F,1970,13/06/19,10:29,13/06/19,10:44,158,268
11442092,338,F,1970,13/06/19,16:44,13/06/19,16:56,50,34
11442299,338,F,1970,13/06/19,16:56,13/06/19,17:06,34,247
11453917,338,F,1970,14/06/19,9:53,14/06/19,9:58,56,55
11489930,338,F,1970,17/06/19,9:35,17/06/19,9:49,246,55
11496745,338,F,1970,17/06/19,16:21,17/06/19,16:32,34,247
11526631,338,F,1970,19/06/19,9:48,19/06/19,9:55,248,34
11258051,344,M,1975,02/06/19,11:40,02/06/19,12:26,200,35
11258597,344,M,1975,02/06/19,12:26,02/06/19,12:47,35,58
11260090,344,M,1975,02/06/19,14:35,02/06/19,14:53,58,200
11568311,356,M,1998,21/06/19,13:44,21/06/19,13:49,6,34
11568455,356,M,1998,21/06/19,13:53,21/06/19,13:57,34,6
11580639,356,M,1998,22/06/19,9:43,22/06/19,9:51,6,6
11581544,356,M,1998,22/06/19,10:41,22/06/19,10:53,6,6
11601758,356,M,1998,24/06/19,9:48,24/06/19,9:55,6,6
11605492,356,M,1998,24/06/19,13:52,24/06/19,13:57,6,34
11605631,356,M,1998,24/06/19,14:00,24/06/19,14:04,34,6
11616823,356,M,1998,25/06/19,7:19,25/06/19,7:25,6,36
11623467,356,M,1998,25/06/19,13:06,25/06/19,13:11,35,6
11624121,356,M,1998,25/06/19,13:50,25/06/19,13:55,6,34
11624249,356,M,1998,25/06/19,13:58,25/06/19,14:02,34,6
11634912,356,M,1998,26/06/19,8:00,26/06/19,8:07,6,36
11639889,356,M,1998,26/06/19,12:02,26/06/19,12:08,54,6
11641342,356,M,1998,26/06/19,13:48,26/06/19,13:53,6,34
11641478,356,M,1998,26/06/19,13:56,26/06/19,14:00,34,6
11664560,356,M,1998,27/06/19,18:28,27/06/19,18:37,71,52
11664861,356,M,1998,27/06/19,18:37,27/06/19,18:46,52,6
11317859,362,F,1987,05/06/19,21:36,05/06/19,21:44,79,19
11364853,362,F,1987,08/06/19,20:12,08/06/19,20:30,51,70
11474039,362,F,1987,15/06/19,14:25,15/06/19,14:32,195,66
11474319,362,F,1987,15/06/19,14:41,15/06/19,14:52,66,52
11585622,362,F,1987,22/06/19,15:26,22/06/19,15:33,155,157
11585869,362,F,1987,22/06/19,15:52,22/06/19,15:56,56,31
11570468,364,M,1986,21/06/19,15:39,21/06/19,15:39,47,47
11276259,365,M,1977,03/06/19,18:34,03/06/19,18:40,206,210
11349669,365,M,1977,07/06/19,17:50,07/06/19,17:58,207,210
11366878,365,M,1977,09/06/19,9:12,09/06/19,9:46,196,70
11367250,365,M,1977,09/06/19,9:47,09/06/19,10:01,70,207
11646879,365,M,1977,26/06/19,18:31,26/06/19,18:38,211,211
11695142,365,M,1977,29/06/19,18:54,29/06/19,18:58,209,210
11258748,367,M,1974,02/06/19,12:39,02/06/19,13:06,43,194
11259132,367,M,1974,02/06/19,13:07,02/06/19,13:39,194,43
11358284,367,M,1974,08/06/19,10:35,08/06/19,10:47,191,205
11362004,367,M,1974,08/06/19,15:03,08/06/19,15:11,205,191
11638191,367,M,1974,26/06/19,10:09,26/06/19,10:19,209,188
11257351,368,F,1979,02/06/19,10:43,02/06/19,10:51,48,46
11258305,368,F,1979,02/06/19,12:02,02/06/19,12:11,46,49
11368270,368,F,1979,09/06/19,11:16,09/06/19,11:21,49,41
11481339,368,F,1979,16/06/19,11:29,16/06/19,11:35,49,41
11601670,368,F,1979,24/06/19,9:44,24/06/19,9:50,49,39
11268061,376,M,1990,03/06/19,11:05,03/06/19,11:13,68,191
11272742,376,M,1990,03/06/19,15:50,03/06/19,15:57,196,68
11304186,376,M,1990,05/06/19,9:32,05/06/19,9:39,68,63
11306113,376,M,1990,05/06/19,11:39,05/06/19,11:49,65,191
11348645,376,M,1990,07/06/19,16:56,07/06/19,17:01,68,196
11353536,376,M,1990,07/06/19,20:38,07/06/19,20:43,196,46
11357060,376,M,1990,08/06/19,9:02,08/06/19,9:04,68,45
11398249,376,M,1990,11/06/19,10:24,11/06/19,10:38,68,195
11399654,376,M,1990,11/06/19,11:59,11/06/19,12:08,191,68
11402116,376,M,1990,11/06/19,14:43,11/06/19,14:49,196,45
11420336,376,M,1990,12/06/19,14:03,12/06/19,14:17,131,68
11454306,376,M,1990,14/06/19,10:13,14/06/19,10:24,68,191
11461106,376,M,1990,14/06/19,17:12,14/06/19,17:14,204,87
11478151,376,M,1990,15/06/19,20:54,15/06/19,20:57,65,63
11478668,376,M,1990,15/06/19,22:03,15/06/19,22:06,64,66
11512923,376,M,1990,18/06/19,14:09,18/06/19,14:16,191,66
11528462,376,M,1990,19/06/19,11:32,19/06/19,11:40,68,191
11531711,376,M,1990,19/06/19,14:56,19/06/19,15:03,191,45
11532609,376,M,1990,19/06/19,15:44,19/06/19,15:47,45,68
11534405,376,M,1990,19/06/19,17:23,19/06/19,17:32,68,191
11548115,376,M,1990,20/06/19,12:08,20/06/19,12:12,191,253
11548375,376,M,1990,20/06/19,12:26,20/06/19,12:30,253,191
11550890,376,M,1990,20/06/19,15:00,20/06/19,15:03,68,47
11568294,376,M,1990,21/06/19,13:43,21/06/19,13:47,68,196
11579826,376,M,1990,22/06/19,8:43,22/06/19,8:45,68,45
11603545,376,M,1990,24/06/19,11:28,24/06/19,11:36,68,191
11606062,376,M,1990,24/06/19,14:23,24/06/19,14:30,191,45
11638726,376,M,1990,26/06/19,10:40,26/06/19,10:48,68,191
11642336,376,M,1990,26/06/19,14:44,26/06/19,14:50,191,45
11688152,376,M,1990,29/06/19,9:04,29/06/19,9:06,68,45
11345027,380,M,1978,07/06/19,13:30,07/06/19,13:40,35,273
11495157,380,M,1978,17/06/19,14:58,17/06/19,15:02,158,157
11620907,380,M,1978,25/06/19,10:11,25/06/19,10:20,273,35
11621646,380,M,1978,25/06/19,10:56,25/06/19,11:07,268,273
11655300,380,M,1978,27/06/19,9:42,27/06/19,9:59,16,158
11662657,380,M,1978,27/06/19,17:08,27/06/19,17:25,275,14
11627531,381,M,1983,25/06/19,17:06,25/06/19,17:06,28,28
11627539,381,M,1983,25/06/19,17:06,25/06/19,17:15,28,53
11659718,381,M,1983,27/06/19,14:23,27/06/19,14:27,189,192
11253530,383,F,1986,01/06/19,19:04,01/06/19,19:12,74,80
11275392,383,F,1986,03/06/19,18:07,03/06/19,18:12,75,80
11311674,383,F,1986,05/06/19,17:08,05/06/19,17:17,51,80
11323951,383,F,1986,06/06/19,10:23,06/06/19,10:34,80,271
11535149,383,F,1986,19/06/19,17:58,19/06/19,18:07,51,78
11610975,383,F,1986,24/06/19,18:37,24/06/19,18:47,51,80
11645964,383,F,1986,26/06/19,18:03,26/06/19,18:13,74,80
11248467,389,M,1987,01/06/19,12:43,01/06/19,12:57,39,177
11254378,389,M,1987,01/06/19,20:28,01/06/19,20:43,177,39
11359186,389,M,1987,08/06/19,11:47,08/06/19,11:55,54,39
11361323,389,M,1987,08/06/19,14:13,08/06/19,14:22,39,177
11365949,389,M,1987,08/06/19,22:45,08/06/19,22:57,39,200
11392575,389,M,1987,10/06/19,22:11,10/06/19,22:14,38,39
11552789,389,M,1987,20/06/19,16:53,20/06/19,17:26,181,204
11553400,389,M,1987,20/06/19,17:26,20/06/19,17:58,204,39
11690799,394,M,1979,29/06/19,12:55,29/06/19,13:18,54,26
11691133,394,M,1979,29/06/19,13:19,29/06/19,13:27,26,182
11699974,394,M,1979,30/06/19,12:20,30/06/19,12:45,182,35
11701391,394,M,1979,30/06/19,14:35,30/06/19,14:40,52,182
11257437,396,F,1995,02/06/19,10:49,02/06/19,10:58,203,45
11259063,396,F,1995,02/06/19,13:02,02/06/19,13:02,45,45
11259087,396,F,1995,02/06/19,13:03,02/06/19,13:13,45,203
11276086,396,F,1995,03/06/19,18:29,03/06/19,18:37,65,199
11284210,396,F,1995,04/06/19,9:00,04/06/19,9:08,203,64
11295102,396,F,1995,04/06/19,18:34,04/06/19,18:51,64,203
11303473,396,F,1995,05/06/19,9:02,05/06/19,9:02,203,203
11303496,396,F,1995,05/06/19,9:02,05/06/19,9:13,203,65
11322444,396,F,1995,06/06/19,9:07,06/06/19,9:14,203,65
11340779,396,F,1995,07/06/19,9:01,07/06/19,9:09,203,64
11362685,396,F,1995,08/06/19,15:58,08/06/19,16:00,203,199
11362904,396,F,1995,08/06/19,16:18,08/06/19,16:20,199,203
11371489,396,F,1995,09/06/19,16:16,09/06/19,16:32,203,34
11373676,396,F,1995,09/06/19,21:06,09/06/19,21:11,34,36
11475792,396,F,1995,15/06/19,16:31,15/06/19,16:39,203,65
11476012,396,F,1995,15/06/19,16:51,15/06/19,17:00,71,199
11507601,396,F,1995,18/06/19,9:03,18/06/19,9:10,203,64
11517840,396,F,1995,18/06/19,18:15,18/06/19,18:27,64,55
11531004,396,F,1995,19/06/19,14:13,19/06/19,14:46,64,64
11544674,396,F,1995,20/06/19,9:00,20/06/19,9:06,203,64
11592462,396,F,1995,23/06/19,12:05,23/06/19,12:06,203,199
11593607,396,F,1995,23/06/19,13:40,23/06/19,13:43,199,203
11600810,396,F,1995,24/06/19,9:02,24/06/19,9:03,203,203
11600848,396,F,1995,24/06/19,9:03,24/06/19,9:10,203,64
11619282,396,F,1995,25/06/19,8:57,25/06/19,9:05,203,64
11631450,396,F,1995,25/06/19,20:16,25/06/19,20:18,203,199
11632460,396,F,1995,25/06/19,21:33,25/06/19,21:34,199,203
11636919,396,F,1995,26/06/19,9:07,26/06/19,9:13,203,64
11654509,396,F,1995,27/06/19,9:06,27/06/19,9:13,203,64
11664855,396,F,1995,27/06/19,18:37,27/06/19,18:47,64,203
11672243,396,F,1995,28/06/19,9:07,28/06/19,9:14,203,64
11691482,396,F,1995,29/06/19,13:43,29/06/19,13:43,131,131
11691486,396,F,1995,29/06/19,13:43,29/06/19,13:48,131,242
11700921,396,F,1995,30/06/19,13:42,30/06/19,13:44,199,203
11264941,397,F,1995,03/06/19,8:00,03/06/19,8:15,203,58
11278121,397,F,1995,03/06/19,19:41,03/06/19,19:47,197,203
11301752,397,F,1995,05/06/19,7:57,05/06/19,8:12,203,78
11320041,397,F,1995,06/06/19,7:41,06/06/19,7:55,203,260
11360458,397,F,1995,08/06/19,13:17,08/06/19,13:29,203,69
11362947,397,F,1995,08/06/19,16:23,08/06/19,16:28,52,54
11394350,397,F,1995,11/06/19,7:35,11/06/19,7:53,203,58
11412911,397,F,1995,12/06/19,7:35,12/06/19,7:52,203,78
11429861,397,F,1995,12/06/19,21:37,12/06/19,21:52,50,203
11449407,397,F,1995,13/06/19,23:11,13/06/19,23:21,65,203
11468612,397,F,1995,15/06/19,8:13,15/06/19,8:27,203,2
11473976,397,F,1995,15/06/19,14:21,15/06/19,14:29,2,264
11475891,397,F,1995,15/06/19,16:40,15/06/19,16:49,56,36
11486761,397,F,1995,17/06/19,7:22,17/06/19,7:37,203,58
11499691,397,F,1995,17/06/19,18:36,17/06/19,18:45,2,72
11500180,397,F,1995,17/06/19,18:52,17/06/19,19:01,72,67
11519798,397,F,1995,18/06/19,19:16,18/06/19,19:38,2,203
11526660,397,F,1995,19/06/19,9:49,19/06/19,10:01,203,60
11527652,397,F,1995,19/06/19,10:46,19/06/19,10:51,60,78
11536514,397,F,1995,19/06/19,18:41,19/06/19,18:47,58,35
11542830,397,F,1995,20/06/19,7:55,20/06/19,8:09,203,78
11560205,397,F,1995,20/06/19,23:33,20/06/19,23:46,74,203
11561283,397,F,1995,21/06/19,7:32,21/06/19,7:48,203,58
11589574,397,F,1995,22/06/19,22:47,22/06/19,22:58,42,203
11590919,397,F,1995,23/06/19,9:56,23/06/19,10:07,203,74
11594320,397,F,1995,23/06/19,15:08,23/06/19,15:17,74,35
11601106,397,F,1995,24/06/19,9:14,24/06/19,9:29,203,58
11632847,397,F,1995,25/06/19,22:08,25/06/19,22:17,203,42
11673741,397,F,1995,28/06/19,10:23,28/06/19,10:36,203,52
11701467,397,F,1995,30/06/19,14:43,30/06/19,15:02,203,35
11702161,397,F,1995,30/06/19,16:08,30/06/19,16:13,197,203
11325099,400,F,1992,06/06/19,11:37,06/06/19,11:43,65,71
11325177,400,F,1992,06/06/19,11:45,06/06/19,12:21,71,37
11325689,400,F,1992,06/06/19,12:21,06/06/19,13:22,37,35
11248403,403,F,1987,01/06/19,12:39,01/06/19,12:53,276,157
11248603,403,F,1987,01/06/19,12:55,01/06/19,13:28,157,110
11249126,403,F,1987,01/06/19,13:28,01/06/19,13:32,110,117
11252119,403,F,1987,01/06/19,16:58,01/06/19,17:19,106,276
11252353,403,F,1987,01/06/19,17:19,01/06/19,17:31,276,165
11254399,403,F,1987,01/06/19,20:30,01/06/19,20:42,165,166
11255083,403,F,1987,01/06/19,21:50,01/06/19,22:02,166,276
11316673,403,F,1987,05/06/19,20:21,05/06/19,20:33,276,271
11318475,403,F,1987,05/06/19,22:35,05/06/19,22:46,271,157
11325130,403,F,1987,06/06/19,11:39,06/06/19,11:52,157,157
11352903,403,F,1987,07/06/19,20:00,07/06/19,20:11,276,30
11355453,403,F,1987,07/06/19,23:45,07/06/19,23:58,30,157
11358950,403,F,1987,08/06/19,11:27,08/06/19,11:35,157,30
11360918,403,F,1987,08/06/19,13:51,08/06/19,13:59,30,159
11430388,403,F,1987,12/06/19,22:30,12/06/19,22:42,271,157
11445110,403,F,1987,13/06/19,18:55,13/06/19,19:11,50,249
11474257,403,F,1987,15/06/19,14:38,15/06/19,14:49,30,276
11482135,403,F,1987,16/06/19,12:42,16/06/19,12:46,276,158
11482687,403,F,1987,16/06/19,13:25,16/06/19,13:29,158,276
11539139,403,F,1987,19/06/19,20:26,19/06/19,20:35,276,271
11540930,403,F,1987,19/06/19,22:28,19/06/19,22:36,271,276
11572227,403,F,1987,21/06/19,17:19,21/06/19,17:26,18,30
11586208,403,F,1987,22/06/19,16:22,22/06/19,16:34,30,276
11594283,403,F,1987,23/06/19,15:03,23/06/19,15:17,276,8
11595725,403,F,1987,23/06/19,18:50,23/06/19,19:03,8,276
11649505,403,F,1987,26/06/19,20:12,26/06/19,20:20,276,271
11650805,403,F,1987,26/06/19,22:33,26/06/19,22:42,271,157
11699677,403,F,1987,30/06/19,11:55,30/06/19,12:00,276,158
11700343,403,F,1987,30/06/19,12:53,30/06/19,12:58,158,276
11254096,405,M,1986,01/06/19,19:58,01/06/19,20:14,17,199
11353396,405,M,1986,07/06/19,20:28,07/06/19,20:40,168,33
11354008,405,M,1986,07/06/19,21:08,07/06/19,21:29,42,34
11253385,406,M,1975,01/06/19,18:51,01/06/19,18:57,98,107
11265852,406,M,1975,03/06/19,8:48,03/06/19,8:54,110,100
11293068,406,M,1975,04/06/19,17:17,04/06/19,17:24,18,12
11306664,406,M,1975,05/06/19,12:18,05/06/19,12:23,156,14
11307982,406,M,1975,05/06/19,13:51,05/06/19,13:55,16,12
11330122,406,M,1975,06/06/19,16:52,06/06/19,16:57,18,14
11332176,406,M,1975,06/06/19,18:25,06/06/19,18:29,14,156
11350681,406,M,1975,07/06/19,18:28,07/06/19,18:32,100,107
11356276,406,M,1975,08/06/19,8:09,08/06/19,8:14,156,27
11356858,406,M,1975,08/06/19,8:49,08/06/19,8:57,110,100
11368427,406,M,1975,09/06/19,11:27,09/06/19,11:32,120,100
11385863,406,M,1975,10/06/19,17:09,10/06/19,17:16,156,10
11395497,406,M,1975,11/06/19,8:22,11/06/19,8:25,25,39
11468987,406,M,1975,15/06/19,8:39,15/06/19,8:43,156,14
11470200,406,M,1975,15/06/19,9:53,15/06/19,9:54,16,16
11470216,406,M,1975,15/06/19,9:54,15/06/19,9:59,16,12
11480015,406,M,1975,16/06/19,9:28,16/06/19,9:34,156,27
11484648,406,M,1975,16/06/19,18:24,16/06/19,18:26,100,107
11489256,406,M,1975,17/06/19,9:05,17/06/19,9:11,110,100
11518972,406,M,1975,18/06/19,18:50,18/06/19,18:53,14,12
11534452,406,M,1975,19/06/19,17:26,19/06/19,17:31,18,14
11535763,406,M,1975,19/06/19,18:17,19/06/19,18:21,14,156
11588422,406,M,1975,22/06/19,20:29,22/06/19,20:39,156,59
11588718,406,M,1975,22/06/19,21:00,22/06/19,21:05,27,12
11591381,406,M,1975,23/06/19,10:38,23/06/19,10:43,156,27
11592538,406,M,1975,23/06/19,12:10,23/06/19,12:21,106,100
11610884,406,M,1975,24/06/19,18:34,24/06/19,18:39,14,12
11617078,406,M,1975,25/06/19,7:39,25/06/19,7:43,156,14
11619497,406,M,1975,25/06/19,9:04,25/06/19,9:09,16,156
11635240,406,M,1975,26/06/19,8:11,26/06/19,8:19,156,16
11676401,406,M,1975,28/06/19,13:14,28/06/19,13:18,14,156
11689168,406,M,1975,29/06/19,10:39,29/06/19,10:45,156,27
11689699,406,M,1975,29/06/19,11:22,29/06/19,11:30,110,100
11701005,406,M,1975,30/06/19,13:49,30/06/19,13:56,110,100
11272115,410,M,1987,03/06/19,15:14,03/06/19,15:15,141,141
11272146,410,M,1987,03/06/19,15:16,03/06/19,15:48,141,33
11290912,410,M,1987,04/06/19,15:19,04/06/19,15:45,140,33